{"step_size": 0.011678330375050002, "stan_stepsize": 0.0241502, "num_steps": 5}